Destination,Country,State/Region,Popular Attractions,Best Season to Visit,Average Budget (INR),Suggested Duration (Days),Travel Type,Nearest Airport/Railway,Ideal For,Remarks
Rishikesh,India,Uttarakhand,"Laxman Jhula, Ganga Aarti, River Rafting",Winter,50427,7,Spiritual,Dehradun Airport,Solo,Perfect weekend getaway
Tokyo,Japan,Kanto,"Shibuya Crossing, Tokyo Tower, Meiji Shrine",Spring,81035,6,Urban,Haneda Airport,Solo,Budget-friendly option
Bali,Indonesia,Bali,"Uluwatu Temple, Kuta Beach, Tegallalang Rice Terrace",Summer,72419,8,Beach,Ngurah Rai Airport,Couple,Relaxing experience
Paris,France,Île-de-France,"Eiffel Tower, Louvre Museum, Notre Dame",Spring,89985,6,Heritage,Charles de Gaulle Airport,Couple,Adventure-packed trip
Goa,India,Goa,"Baga Beach, Fort Aguada, Dudhsagar Falls",Winter,73383,2,Beach,Dabolim Airport,Friends,Great for photography
Darjeeling,India,West Bengal,"Tiger Hill, Batasia Loop, Himalayan Railway",Summer,30529,8,Nature,Bagdogra Airport,Family,Perfect weekend getaway
Goa,India,Goa,"Baga Beach, Fort Aguada, Dudhsagar Falls",Winter,42813,4,Beach,Dabolim Airport,Friends,Perfect weekend getaway
Goa,India,Goa,"Baga Beach, Fort Aguada, Dudhsagar Falls",Winter,97288,9,Beach,Dabolim Airport,Friends,Adventure-packed trip
Goa,India,Goa,"Baga Beach, Fort Aguada, Dudhsagar Falls",Winter,68173,5,Beach,Dabolim Airport,Friends,Budget-friendly option
Jaipur,India,Rajasthan,"Amber Fort, City Palace, Hawa Mahal",Winter,24997,4,Heritage,Jaipur Airport,Family,Great for photography
Dubai,UAE,Dubai,"Burj Khalifa, Palm Jumeirah, Desert Safari",Winter,92815,9,Urban,Dubai Intl Airport,Family,Relaxing experience
Dubai,UAE,Dubai,"Burj Khalifa, Palm Jumeirah, Desert Safari",Winter,25827,4,Urban,Dubai Intl Airport,Family,Perfect weekend getaway
Jaipur,India,Rajasthan,"Amber Fort, City Palace, Hawa Mahal",Winter,37393,3,Heritage,Jaipur Airport,Family,Great for photography
Rishikesh,India,Uttarakhand,"Laxman Jhula, Ganga Aarti, River Rafting",Winter,86792,4,Spiritual,Dehradun Airport,Solo,Ideal for honeymoon
Goa,India,Goa,"Baga Beach, Fort Aguada, Dudhsagar Falls",Winter,25462,4,Beach,Dabolim Airport,Friends,Adventure-packed trip
Jaipur,India,Rajasthan,"Amber Fort, City Palace, Hawa Mahal",Winter,42500,10,Heritage,Jaipur Airport,Family,Relaxing experience
Jaipur,India,Rajasthan,"Amber Fort, City Palace, Hawa Mahal",Winter,94887,7,Heritage,Jaipur Airport,Family,Great for photography
Leh,India,Ladakh,"Pangong Lake, Leh Palace, Khardung La",Summer,81810,6,Adventure,Leh Airport,Couple,Ideal for honeymoon
Bali,Indonesia,Bali,"Uluwatu Temple, Kuta Beach, Tegallalang Rice Terrace",Summer,81095,7,Beach,Ngurah Rai Airport,Couple,Ideal for honeymoon
Paris,France,Île-de-France,"Eiffel Tower, Louvre Museum, Notre Dame",Spring,27794,4,Heritage,Charles de Gaulle Airport,Couple,Great for photography
Jaipur,India,Rajasthan,"Amber Fort, City Palace, Hawa Mahal",Winter,35691,5,Heritage,Jaipur Airport,Family,Budget-friendly option
Rishikesh,India,Uttarakhand,"Laxman Jhula, Ganga Aarti, River Rafting",Winter,12870,5,Spiritual,Dehradun Airport,Solo,Great for photography
New York,USA,New York,"Times Square, Central Park, Statue of Liberty",Autumn,63265,5,Urban,JFK Airport,Friends,Relaxing experience
Leh,India,Ladakh,"Pangong Lake, Leh Palace, Khardung La",Summer,80628,7,Adventure,Leh Airport,Couple,Adventure-packed trip
Paris,France,Île-de-France,"Eiffel Tower, Louvre Museum, Notre Dame",Spring,66723,9,Heritage,Charles de Gaulle Airport,Couple,Relaxing experience
Dubai,UAE,Dubai,"Burj Khalifa, Palm Jumeirah, Desert Safari",Winter,34680,6,Urban,Dubai Intl Airport,Family,Perfect weekend getaway
Darjeeling,India,West Bengal,"Tiger Hill, Batasia Loop, Himalayan Railway",Summer,95346,8,Nature,Bagdogra Airport,Family,Great for photography
Paris,France,Île-de-France,"Eiffel Tower, Louvre Museum, Notre Dame",Spring,38176,7,Heritage,Charles de Gaulle Airport,Couple,Great for photography
Tokyo,Japan,Kanto,"Shibuya Crossing, Tokyo Tower, Meiji Shrine",Spring,90467,4,Urban,Haneda Airport,Solo,Relaxing experience
Paris,France,Île-de-France,"Eiffel Tower, Louvre Museum, Notre Dame",Spring,53594,5,Heritage,Charles de Gaulle Airport,Couple,Ideal for honeymoon
Bali,Indonesia,Bali,"Uluwatu Temple, Kuta Beach, Tegallalang Rice Terrace",Summer,36403,10,Beach,Ngurah Rai Airport,Couple,Budget-friendly option
Jaipur,India,Rajasthan,"Amber Fort, City Palace, Hawa Mahal",Winter,77511,6,Heritage,Jaipur Airport,Family,Ideal for honeymoon
Tokyo,Japan,Kanto,"Shibuya Crossing, Tokyo Tower, Meiji Shrine",Spring,22485,9,Urban,Haneda Airport,Solo,Relaxing experience
Jaipur,India,Rajasthan,"Amber Fort, City Palace, Hawa Mahal",Winter,51806,4,Heritage,Jaipur Airport,Family,Adventure-packed trip
New York,USA,New York,"Times Square, Central Park, Statue of Liberty",Autumn,11636,10,Urban,JFK Airport,Friends,Cultural hotspot
Goa,India,Goa,"Baga Beach, Fort Aguada, Dudhsagar Falls",Winter,88094,4,Beach,Dabolim Airport,Friends,Cultural hotspot
New York,USA,New York,"Times Square, Central Park, Statue of Liberty",Autumn,5155,2,Urban,JFK Airport,Friends,Relaxing experience
Jaipur,India,Rajasthan,"Amber Fort, City Palace, Hawa Mahal",Winter,16593,5,Heritage,Jaipur Airport,Family,Cultural hotspot
Jaipur,India,Rajasthan,"Amber Fort, City Palace, Hawa Mahal",Winter,28202,7,Heritage,Jaipur Airport,Family,Adventure-packed trip
Paris,France,Île-de-France,"Eiffel Tower, Louvre Museum, Notre Dame",Spring,35765,5,Heritage,Charles de Gaulle Airport,Couple,Adventure-packed trip
Leh,India,Ladakh,"Pangong Lake, Leh Palace, Khardung La",Summer,38755,7,Adventure,Leh Airport,Couple,Great for photography
Dubai,UAE,Dubai,"Burj Khalifa, Palm Jumeirah, Desert Safari",Winter,66814,4,Urban,Dubai Intl Airport,Family,Budget-friendly option
Paris,France,Île-de-France,"Eiffel Tower, Louvre Museum, Notre Dame",Spring,55741,4,Heritage,Charles de Gaulle Airport,Couple,Cultural hotspot
Jaipur,India,Rajasthan,"Amber Fort, City Palace, Hawa Mahal",Winter,24340,4,Heritage,Jaipur Airport,Family,Relaxing experience
Rishikesh,India,Uttarakhand,"Laxman Jhula, Ganga Aarti, River Rafting",Winter,21431,8,Spiritual,Dehradun Airport,Solo,Great for photography
Leh,India,Ladakh,"Pangong Lake, Leh Palace, Khardung La",Summer,47803,2,Adventure,Leh Airport,Couple,Cultural hotspot
Tokyo,Japan,Kanto,"Shibuya Crossing, Tokyo Tower, Meiji Shrine",Spring,90821,8,Urban,Haneda Airport,Solo,Cultural hotspot
Bali,Indonesia,Bali,"Uluwatu Temple, Kuta Beach, Tegallalang Rice Terrace",Summer,32899,2,Beach,Ngurah Rai Airport,Couple,Budget-friendly option
Bali,Indonesia,Bali,"Uluwatu Temple, Kuta Beach, Tegallalang Rice Terrace",Summer,83943,4,Beach,Ngurah Rai Airport,Couple,Ideal for honeymoon
Bali,Indonesia,Bali,"Uluwatu Temple, Kuta Beach, Tegallalang Rice Terrace",Summer,85672,7,Beach,Ngurah Rai Airport,Couple,Ideal for honeymoon
Jaipur,India,Rajasthan,"Amber Fort, City Palace, Hawa Mahal",Winter,64470,10,Heritage,Jaipur Airport,Family,Relaxing experience
Bali,Indonesia,Bali,"Uluwatu Temple, Kuta Beach, Tegallalang Rice Terrace",Summer,42531,8,Beach,Ngurah Rai Airport,Couple,Budget-friendly option
Darjeeling,India,West Bengal,"Tiger Hill, Batasia Loop, Himalayan Railway",Summer,61085,4,Nature,Bagdogra Airport,Family,Ideal for honeymoon
Paris,France,Île-de-France,"Eiffel Tower, Louvre Museum, Notre Dame",Spring,86733,7,Heritage,Charles de Gaulle Airport,Couple,Budget-friendly option
Leh,India,Ladakh,"Pangong Lake, Leh Palace, Khardung La",Summer,95548,8,Adventure,Leh Airport,Couple,Great for photography
Rishikesh,India,Uttarakhand,"Laxman Jhula, Ganga Aarti, River Rafting",Winter,16147,5,Spiritual,Dehradun Airport,Solo,Perfect weekend getaway
Darjeeling,India,West Bengal,"Tiger Hill, Batasia Loop, Himalayan Railway",Summer,98459,7,Nature,Bagdogra Airport,Family,Cultural hotspot
New York,USA,New York,"Times Square, Central Park, Statue of Liberty",Autumn,30706,10,Urban,JFK Airport,Friends,Budget-friendly option
Leh,India,Ladakh,"Pangong Lake, Leh Palace, Khardung La",Summer,82633,6,Adventure,Leh Airport,Couple,Ideal for honeymoon
Bali,Indonesia,Bali,"Uluwatu Temple, Kuta Beach, Tegallalang Rice Terrace",Summer,47801,3,Beach,Ngurah Rai Airport,Couple,Adventure-packed trip
Paris,France,Île-de-France,"Eiffel Tower, Louvre Museum, Notre Dame",Spring,36941,7,Heritage,Charles de Gaulle Airport,Couple,Ideal for honeymoon
Darjeeling,India,West Bengal,"Tiger Hill, Batasia Loop, Himalayan Railway",Summer,16920,7,Nature,Bagdogra Airport,Family,Adventure-packed trip
Rishikesh,India,Uttarakhand,"Laxman Jhula, Ganga Aarti, River Rafting",Winter,43276,8,Spiritual,Dehradun Airport,Solo,Relaxing experience
Bali,Indonesia,Bali,"Uluwatu Temple, Kuta Beach, Tegallalang Rice Terrace",Summer,20985,6,Beach,Ngurah Rai Airport,Couple,Perfect weekend getaway
New York,USA,New York,"Times Square, Central Park, Statue of Liberty",Autumn,92753,5,Urban,JFK Airport,Friends,Relaxing experience
New York,USA,New York,"Times Square, Central Park, Statue of Liberty",Autumn,57635,2,Urban,JFK Airport,Friends,Budget-friendly option
New York,USA,New York,"Times Square, Central Park, Statue of Liberty",Autumn,10803,3,Urban,JFK Airport,Friends,Relaxing experience
Rishikesh,India,Uttarakhand,"Laxman Jhula, Ganga Aarti, River Rafting",Winter,71297,10,Spiritual,Dehradun Airport,Solo,Adventure-packed trip
Jaipur,India,Rajasthan,"Amber Fort, City Palace, Hawa Mahal",Winter,40021,8,Heritage,Jaipur Airport,Family,Budget-friendly option
Bali,Indonesia,Bali,"Uluwatu Temple, Kuta Beach, Tegallalang Rice Terrace",Summer,26445,7,Beach,Ngurah Rai Airport,Couple,Great for photography
Dubai,UAE,Dubai,"Burj Khalifa, Palm Jumeirah, Desert Safari",Winter,18724,2,Urban,Dubai Intl Airport,Family,Perfect weekend getaway
Rishikesh,India,Uttarakhand,"Laxman Jhula, Ganga Aarti, River Rafting",Winter,16924,10,Spiritual,Dehradun Airport,Solo,Cultural hotspot
Bali,Indonesia,Bali,"Uluwatu Temple, Kuta Beach, Tegallalang Rice Terrace",Summer,6089,9,Beach,Ngurah Rai Airport,Couple,Cultural hotspot
Dubai,UAE,Dubai,"Burj Khalifa, Palm Jumeirah, Desert Safari",Winter,82567,10,Urban,Dubai Intl Airport,Family,Relaxing experience
Dubai,UAE,Dubai,"Burj Khalifa, Palm Jumeirah, Desert Safari",Winter,19042,5,Urban,Dubai Intl Airport,Family,Relaxing experience
Goa,India,Goa,"Baga Beach, Fort Aguada, Dudhsagar Falls",Winter,48877,6,Beach,Dabolim Airport,Friends,Budget-friendly option
Bali,Indonesia,Bali,"Uluwatu Temple, Kuta Beach, Tegallalang Rice Terrace",Summer,75618,3,Beach,Ngurah Rai Airport,Couple,Great for photography
Goa,India,Goa,"Baga Beach, Fort Aguada, Dudhsagar Falls",Winter,94085,7,Beach,Dabolim Airport,Friends,Cultural hotspot
Jaipur,India,Rajasthan,"Amber Fort, City Palace, Hawa Mahal",Winter,54616,2,Heritage,Jaipur Airport,Family,Great for photography
Darjeeling,India,West Bengal,"Tiger Hill, Batasia Loop, Himalayan Railway",Summer,27562,3,Nature,Bagdogra Airport,Family,Budget-friendly option
Leh,India,Ladakh,"Pangong Lake, Leh Palace, Khardung La",Summer,14571,8,Adventure,Leh Airport,Couple,Ideal for honeymoon
Darjeeling,India,West Bengal,"Tiger Hill, Batasia Loop, Himalayan Railway",Summer,60333,2,Nature,Bagdogra Airport,Family,Adventure-packed trip
Leh,India,Ladakh,"Pangong Lake, Leh Palace, Khardung La",Summer,73671,3,Adventure,Leh Airport,Couple,Ideal for honeymoon
Dubai,UAE,Dubai,"Burj Khalifa, Palm Jumeirah, Desert Safari",Winter,78172,4,Urban,Dubai Intl Airport,Family,Budget-friendly option
Tokyo,Japan,Kanto,"Shibuya Crossing, Tokyo Tower, Meiji Shrine",Spring,72471,3,Urban,Haneda Airport,Solo,Relaxing experience
Dubai,UAE,Dubai,"Burj Khalifa, Palm Jumeirah, Desert Safari",Winter,5773,8,Urban,Dubai Intl Airport,Family,Relaxing experience
Goa,India,Goa,"Baga Beach, Fort Aguada, Dudhsagar Falls",Winter,55528,2,Beach,Dabolim Airport,Friends,Ideal for honeymoon
Rishikesh,India,Uttarakhand,"Laxman Jhula, Ganga Aarti, River Rafting",Winter,76327,8,Spiritual,Dehradun Airport,Solo,Adventure-packed trip
Darjeeling,India,West Bengal,"Tiger Hill, Batasia Loop, Himalayan Railway",Summer,48704,2,Nature,Bagdogra Airport,Family,Ideal for honeymoon
Tokyo,Japan,Kanto,"Shibuya Crossing, Tokyo Tower, Meiji Shrine",Spring,47123,2,Urban,Haneda Airport,Solo,Great for photography
Leh,India,Ladakh,"Pangong Lake, Leh Palace, Khardung La",Summer,35701,4,Adventure,Leh Airport,Couple,Ideal for honeymoon
Paris,France,Île-de-France,"Eiffel Tower, Louvre Museum, Notre Dame",Spring,50838,9,Heritage,Charles de Gaulle Airport,Couple,Ideal for honeymoon
Leh,India,Ladakh,"Pangong Lake, Leh Palace, Khardung La",Summer,26302,5,Adventure,Leh Airport,Couple,Perfect weekend getaway
Rishikesh,India,Uttarakhand,"Laxman Jhula, Ganga Aarti, River Rafting",Winter,93882,4,Spiritual,Dehradun Airport,Solo,Cultural hotspot
Paris,France,Île-de-France,"Eiffel Tower, Louvre Museum, Notre Dame",Spring,15965,3,Heritage,Charles de Gaulle Airport,Couple,Great for photography
Leh,India,Ladakh,"Pangong Lake, Leh Palace, Khardung La",Summer,99244,9,Adventure,Leh Airport,Couple,Ideal for honeymoon
Rishikesh,India,Uttarakhand,"Laxman Jhula, Ganga Aarti, River Rafting",Winter,68460,9,Spiritual,Dehradun Airport,Solo,Adventure-packed trip
Goa,India,Goa,"Baga Beach, Fort Aguada, Dudhsagar Falls",Winter,39996,8,Beach,Dabolim Airport,Friends,Adventure-packed trip
Jaipur,India,Rajasthan,"Amber Fort, City Palace, Hawa Mahal",Winter,11151,6,Heritage,Jaipur Airport,Family,Relaxing experience
Bali,Indonesia,Bali,"Uluwatu Temple, Kuta Beach, Tegallalang Rice Terrace",Summer,29448,7,Beach,Ngurah Rai Airport,Couple,Budget-friendly option
Leh,India,Ladakh,"Pangong Lake, Leh Palace, Khardung La",Summer,8871,10,Adventure,Leh Airport,Couple,Perfect weekend getaway
Goa,India,Goa,"Baga Beach, Fort Aguada, Dudhsagar Falls",Winter,42219,10,Beach,Dabolim Airport,Friends,Relaxing experience
Goa,India,Goa,"Baga Beach, Fort Aguada, Dudhsagar Falls",Winter,36765,6,Beach,Dabolim Airport,Friends,Cultural hotspot
Goa,India,Goa,"Baga Beach, Fort Aguada, Dudhsagar Falls",Winter,80606,8,Beach,Dabolim Airport,Friends,Ideal for honeymoon
Leh,India,Ladakh,"Pangong Lake, Leh Palace, Khardung La",Summer,36368,2,Adventure,Leh Airport,Couple,Budget-friendly option
Darjeeling,India,West Bengal,"Tiger Hill, Batasia Loop, Himalayan Railway",Summer,36820,5,Nature,Bagdogra Airport,Family,Ideal for honeymoon
Darjeeling,India,West Bengal,"Tiger Hill, Batasia Loop, Himalayan Railway",Summer,21328,3,Nature,Bagdogra Airport,Family,Cultural hotspot
Leh,India,Ladakh,"Pangong Lake, Leh Palace, Khardung La",Summer,27858,4,Adventure,Leh Airport,Couple,Relaxing experience
Dubai,UAE,Dubai,"Burj Khalifa, Palm Jumeirah, Desert Safari",Winter,11418,2,Urban,Dubai Intl Airport,Family,Great for photography
Paris,France,Île-de-France,"Eiffel Tower, Louvre Museum, Notre Dame",Spring,32828,9,Heritage,Charles de Gaulle Airport,Couple,Relaxing experience
Leh,India,Ladakh,"Pangong Lake, Leh Palace, Khardung La",Summer,23510,5,Adventure,Leh Airport,Couple,Great for photography
Paris,France,Île-de-France,"Eiffel Tower, Louvre Museum, Notre Dame",Spring,21618,10,Heritage,Charles de Gaulle Airport,Couple,Budget-friendly option
Goa,India,Goa,"Baga Beach, Fort Aguada, Dudhsagar Falls",Winter,56059,7,Beach,Dabolim Airport,Friends,Great for photography
New York,USA,New York,"Times Square, Central Park, Statue of Liberty",Autumn,57222,5,Urban,JFK Airport,Friends,Ideal for honeymoon
Jaipur,India,Rajasthan,"Amber Fort, City Palace, Hawa Mahal",Winter,78767,3,Heritage,Jaipur Airport,Family,Relaxing experience
Tokyo,Japan,Kanto,"Shibuya Crossing, Tokyo Tower, Meiji Shrine",Spring,23047,4,Urban,Haneda Airport,Solo,Budget-friendly option
Goa,India,Goa,"Baga Beach, Fort Aguada, Dudhsagar Falls",Winter,64165,9,Beach,Dabolim Airport,Friends,Perfect weekend getaway
Darjeeling,India,West Bengal,"Tiger Hill, Batasia Loop, Himalayan Railway",Summer,36571,8,Nature,Bagdogra Airport,Family,Cultural hotspot
Darjeeling,India,West Bengal,"Tiger Hill, Batasia Loop, Himalayan Railway",Summer,67685,2,Nature,Bagdogra Airport,Family,Cultural hotspot
Leh,India,Ladakh,"Pangong Lake, Leh Palace, Khardung La",Summer,68320,5,Adventure,Leh Airport,Couple,Relaxing experience
Leh,India,Ladakh,"Pangong Lake, Leh Palace, Khardung La",Summer,6043,4,Adventure,Leh Airport,Couple,Budget-friendly option
Goa,India,Goa,"Baga Beach, Fort Aguada, Dudhsagar Falls",Winter,10052,7,Beach,Dabolim Airport,Friends,Ideal for honeymoon
Tokyo,Japan,Kanto,"Shibuya Crossing, Tokyo Tower, Meiji Shrine",Spring,47286,10,Urban,Haneda Airport,Solo,Budget-friendly option
Darjeeling,India,West Bengal,"Tiger Hill, Batasia Loop, Himalayan Railway",Summer,57308,6,Nature,Bagdogra Airport,Family,Adventure-packed trip
Dubai,UAE,Dubai,"Burj Khalifa, Palm Jumeirah, Desert Safari",Winter,93403,6,Urban,Dubai Intl Airport,Family,Ideal for honeymoon
Goa,India,Goa,"Baga Beach, Fort Aguada, Dudhsagar Falls",Winter,34940,7,Beach,Dabolim Airport,Friends,Budget-friendly option
Dubai,UAE,Dubai,"Burj Khalifa, Palm Jumeirah, Desert Safari",Winter,13087,2,Urban,Dubai Intl Airport,Family,Budget-friendly option
Dubai,UAE,Dubai,"Burj Khalifa, Palm Jumeirah, Desert Safari",Winter,75815,3,Urban,Dubai Intl Airport,Family,Relaxing experience
Bali,Indonesia,Bali,"Uluwatu Temple, Kuta Beach, Tegallalang Rice Terrace",Summer,38037,2,Beach,Ngurah Rai Airport,Couple,Perfect weekend getaway
Dubai,UAE,Dubai,"Burj Khalifa, Palm Jumeirah, Desert Safari",Winter,77783,6,Urban,Dubai Intl Airport,Family,Great for photography
Bali,Indonesia,Bali,"Uluwatu Temple, Kuta Beach, Tegallalang Rice Terrace",Summer,80214,7,Beach,Ngurah Rai Airport,Couple,Adventure-packed trip
Tokyo,Japan,Kanto,"Shibuya Crossing, Tokyo Tower, Meiji Shrine",Spring,68297,6,Urban,Haneda Airport,Solo,Relaxing experience
Leh,India,Ladakh,"Pangong Lake, Leh Palace, Khardung La",Summer,88628,6,Adventure,Leh Airport,Couple,Perfect weekend getaway
Rishikesh,India,Uttarakhand,"Laxman Jhula, Ganga Aarti, River Rafting",Winter,7221,4,Spiritual,Dehradun Airport,Solo,Budget-friendly option
Jaipur,India,Rajasthan,"Amber Fort, City Palace, Hawa Mahal",Winter,18198,3,Heritage,Jaipur Airport,Family,Great for photography
Leh,India,Ladakh,"Pangong Lake, Leh Palace, Khardung La",Summer,12879,9,Adventure,Leh Airport,Couple,Great for photography
Darjeeling,India,West Bengal,"Tiger Hill, Batasia Loop, Himalayan Railway",Summer,70540,7,Nature,Bagdogra Airport,Family,Budget-friendly option
Darjeeling,India,West Bengal,"Tiger Hill, Batasia Loop, Himalayan Railway",Summer,23006,8,Nature,Bagdogra Airport,Family,Great for photography
Dubai,UAE,Dubai,"Burj Khalifa, Palm Jumeirah, Desert Safari",Winter,53376,7,Urban,Dubai Intl Airport,Family,Perfect weekend getaway
Dubai,UAE,Dubai,"Burj Khalifa, Palm Jumeirah, Desert Safari",Winter,80242,7,Urban,Dubai Intl Airport,Family,Ideal for honeymoon
Darjeeling,India,West Bengal,"Tiger Hill, Batasia Loop, Himalayan Railway",Summer,79543,2,Nature,Bagdogra Airport,Family,Budget-friendly option
Goa,India,Goa,"Baga Beach, Fort Aguada, Dudhsagar Falls",Winter,7964,5,Beach,Dabolim Airport,Friends,Great for photography
Leh,India,Ladakh,"Pangong Lake, Leh Palace, Khardung La",Summer,86941,2,Adventure,Leh Airport,Couple,Relaxing experience
Darjeeling,India,West Bengal,"Tiger Hill, Batasia Loop, Himalayan Railway",Summer,21535,10,Nature,Bagdogra Airport,Family,Relaxing experience
Goa,India,Goa,"Baga Beach, Fort Aguada, Dudhsagar Falls",Winter,62335,10,Beach,Dabolim Airport,Friends,Adventure-packed trip
Goa,India,Goa,"Baga Beach, Fort Aguada, Dudhsagar Falls",Winter,23032,6,Beach,Dabolim Airport,Friends,Adventure-packed trip
Paris,France,Île-de-France,"Eiffel Tower, Louvre Museum, Notre Dame",Spring,53151,8,Heritage,Charles de Gaulle Airport,Couple,Perfect weekend getaway
Jaipur,India,Rajasthan,"Amber Fort, City Palace, Hawa Mahal",Winter,44400,3,Heritage,Jaipur Airport,Family,Cultural hotspot
New York,USA,New York,"Times Square, Central Park, Statue of Liberty",Autumn,34144,3,Urban,JFK Airport,Friends,Perfect weekend getaway
Bali,Indonesia,Bali,"Uluwatu Temple, Kuta Beach, Tegallalang Rice Terrace",Summer,85592,9,Beach,Ngurah Rai Airport,Couple,Cultural hotspot
Jaipur,India,Rajasthan,"Amber Fort, City Palace, Hawa Mahal",Winter,44008,2,Heritage,Jaipur Airport,Family,Budget-friendly option
Tokyo,Japan,Kanto,"Shibuya Crossing, Tokyo Tower, Meiji Shrine",Spring,20795,7,Urban,Haneda Airport,Solo,Cultural hotspot
Jaipur,India,Rajasthan,"Amber Fort, City Palace, Hawa Mahal",Winter,17979,7,Heritage,Jaipur Airport,Family,Adventure-packed trip
Jaipur,India,Rajasthan,"Amber Fort, City Palace, Hawa Mahal",Winter,83822,9,Heritage,Jaipur Airport,Family,Perfect weekend getaway
Jaipur,India,Rajasthan,"Amber Fort, City Palace, Hawa Mahal",Winter,89293,3,Heritage,Jaipur Airport,Family,Cultural hotspot
Bali,Indonesia,Bali,"Uluwatu Temple, Kuta Beach, Tegallalang Rice Terrace",Summer,98995,3,Beach,Ngurah Rai Airport,Couple,Adventure-packed trip
Rishikesh,India,Uttarakhand,"Laxman Jhula, Ganga Aarti, River Rafting",Winter,61044,6,Spiritual,Dehradun Airport,Solo,Relaxing experience
Dubai,UAE,Dubai,"Burj Khalifa, Palm Jumeirah, Desert Safari",Winter,73284,2,Urban,Dubai Intl Airport,Family,Cultural hotspot
Bali,Indonesia,Bali,"Uluwatu Temple, Kuta Beach, Tegallalang Rice Terrace",Summer,66500,7,Beach,Ngurah Rai Airport,Couple,Budget-friendly option
Leh,India,Ladakh,"Pangong Lake, Leh Palace, Khardung La",Summer,23658,7,Adventure,Leh Airport,Couple,Cultural hotspot
Goa,India,Goa,"Baga Beach, Fort Aguada, Dudhsagar Falls",Winter,10107,6,Beach,Dabolim Airport,Friends,Cultural hotspot
Leh,India,Ladakh,"Pangong Lake, Leh Palace, Khardung La",Summer,32060,9,Adventure,Leh Airport,Couple,Ideal for honeymoon
Bali,Indonesia,Bali,"Uluwatu Temple, Kuta Beach, Tegallalang Rice Terrace",Summer,14565,9,Beach,Ngurah Rai Airport,Couple,Perfect weekend getaway
Leh,India,Ladakh,"Pangong Lake, Leh Palace, Khardung La",Summer,74850,7,Adventure,Leh Airport,Couple,Adventure-packed trip
Goa,India,Goa,"Baga Beach, Fort Aguada, Dudhsagar Falls",Winter,91346,6,Beach,Dabolim Airport,Friends,Great for photography
Leh,India,Ladakh,"Pangong Lake, Leh Palace, Khardung La",Summer,25091,2,Adventure,Leh Airport,Couple,Ideal for honeymoon
New York,USA,New York,"Times Square, Central Park, Statue of Liberty",Autumn,15695,8,Urban,JFK Airport,Friends,Perfect weekend getaway
Paris,France,Île-de-France,"Eiffel Tower, Louvre Museum, Notre Dame",Spring,51280,4,Heritage,Charles de Gaulle Airport,Couple,Cultural hotspot
Jaipur,India,Rajasthan,"Amber Fort, City Palace, Hawa Mahal",Winter,77419,5,Heritage,Jaipur Airport,Family,Great for photography
Jaipur,India,Rajasthan,"Amber Fort, City Palace, Hawa Mahal",Winter,47971,10,Heritage,Jaipur Airport,Family,Relaxing experience
Goa,India,Goa,"Baga Beach, Fort Aguada, Dudhsagar Falls",Winter,26545,10,Beach,Dabolim Airport,Friends,Perfect weekend getaway
Goa,India,Goa,"Baga Beach, Fort Aguada, Dudhsagar Falls",Winter,80097,7,Beach,Dabolim Airport,Friends,Perfect weekend getaway
Goa,India,Goa,"Baga Beach, Fort Aguada, Dudhsagar Falls",Winter,61455,9,Beach,Dabolim Airport,Friends,Great for photography
Paris,France,Île-de-France,"Eiffel Tower, Louvre Museum, Notre Dame",Spring,46249,5,Heritage,Charles de Gaulle Airport,Couple,Ideal for honeymoon
Bali,Indonesia,Bali,"Uluwatu Temple, Kuta Beach, Tegallalang Rice Terrace",Summer,74481,7,Beach,Ngurah Rai Airport,Couple,Cultural hotspot
Paris,France,Île-de-France,"Eiffel Tower, Louvre Museum, Notre Dame",Spring,24996,5,Heritage,Charles de Gaulle Airport,Couple,Great for photography
Goa,India,Goa,"Baga Beach, Fort Aguada, Dudhsagar Falls",Winter,58611,4,Beach,Dabolim Airport,Friends,Great for photography
Goa,India,Goa,"Baga Beach, Fort Aguada, Dudhsagar Falls",Winter,97876,6,Beach,Dabolim Airport,Friends,Cultural hotspot
Jaipur,India,Rajasthan,"Amber Fort, City Palace, Hawa Mahal",Winter,90721,4,Heritage,Jaipur Airport,Family,Cultural hotspot
New York,USA,New York,"Times Square, Central Park, Statue of Liberty",Autumn,59275,10,Urban,JFK Airport,Friends,Relaxing experience
Jaipur,India,Rajasthan,"Amber Fort, City Palace, Hawa Mahal",Winter,40494,2,Heritage,Jaipur Airport,Family,Adventure-packed trip
Jaipur,India,Rajasthan,"Amber Fort, City Palace, Hawa Mahal",Winter,68677,3,Heritage,Jaipur Airport,Family,Cultural hotspot
New York,USA,New York,"Times Square, Central Park, Statue of Liberty",Autumn,28244,9,Urban,JFK Airport,Friends,Perfect weekend getaway
Goa,India,Goa,"Baga Beach, Fort Aguada, Dudhsagar Falls",Winter,43644,6,Beach,Dabolim Airport,Friends,Ideal for honeymoon
Bali,Indonesia,Bali,"Uluwatu Temple, Kuta Beach, Tegallalang Rice Terrace",Summer,20063,9,Beach,Ngurah Rai Airport,Couple,Perfect weekend getaway
Dubai,UAE,Dubai,"Burj Khalifa, Palm Jumeirah, Desert Safari",Winter,45418,5,Urban,Dubai Intl Airport,Family,Adventure-packed trip
Jaipur,India,Rajasthan,"Amber Fort, City Palace, Hawa Mahal",Winter,29144,4,Heritage,Jaipur Airport,Family,Great for photography
Bali,Indonesia,Bali,"Uluwatu Temple, Kuta Beach, Tegallalang Rice Terrace",Summer,19938,2,Beach,Ngurah Rai Airport,Couple,Ideal for honeymoon
Bali,Indonesia,Bali,"Uluwatu Temple, Kuta Beach, Tegallalang Rice Terrace",Summer,89484,9,Beach,Ngurah Rai Airport,Couple,Budget-friendly option
Goa,India,Goa,"Baga Beach, Fort Aguada, Dudhsagar Falls",Winter,18757,10,Beach,Dabolim Airport,Friends,Perfect weekend getaway
Bali,Indonesia,Bali,"Uluwatu Temple, Kuta Beach, Tegallalang Rice Terrace",Summer,13913,5,Beach,Ngurah Rai Airport,Couple,Budget-friendly option
Bali,Indonesia,Bali,"Uluwatu Temple, Kuta Beach, Tegallalang Rice Terrace",Summer,61598,10,Beach,Ngurah Rai Airport,Couple,Budget-friendly option
Jaipur,India,Rajasthan,"Amber Fort, City Palace, Hawa Mahal",Winter,44854,8,Heritage,Jaipur Airport,Family,Adventure-packed trip
New York,USA,New York,"Times Square, Central Park, Statue of Liberty",Autumn,68436,2,Urban,JFK Airport,Friends,Relaxing experience
Paris,France,Île-de-France,"Eiffel Tower, Louvre Museum, Notre Dame",Spring,30596,9,Heritage,Charles de Gaulle Airport,Couple,Perfect weekend getaway
Dubai,UAE,Dubai,"Burj Khalifa, Palm Jumeirah, Desert Safari",Winter,50092,6,Urban,Dubai Intl Airport,Family,Ideal for honeymoon
Rishikesh,India,Uttarakhand,"Laxman Jhula, Ganga Aarti, River Rafting",Winter,10296,9,Spiritual,Dehradun Airport,Solo,Budget-friendly option
Paris,France,Île-de-France,"Eiffel Tower, Louvre Museum, Notre Dame",Spring,22065,9,Heritage,Charles de Gaulle Airport,Couple,Cultural hotspot
Paris,France,Île-de-France,"Eiffel Tower, Louvre Museum, Notre Dame",Spring,92004,7,Heritage,Charles de Gaulle Airport,Couple,Relaxing experience
New York,USA,New York,"Times Square, Central Park, Statue of Liberty",Autumn,73410,7,Urban,JFK Airport,Friends,Ideal for honeymoon
Bali,Indonesia,Bali,"Uluwatu Temple, Kuta Beach, Tegallalang Rice Terrace",Summer,98471,5,Beach,Ngurah Rai Airport,Couple,Budget-friendly option
Darjeeling,India,West Bengal,"Tiger Hill, Batasia Loop, Himalayan Railway",Summer,35099,6,Nature,Bagdogra Airport,Family,Cultural hotspot
New York,USA,New York,"Times Square, Central Park, Statue of Liberty",Autumn,15042,5,Urban,JFK Airport,Friends,Perfect weekend getaway
Leh,India,Ladakh,"Pangong Lake, Leh Palace, Khardung La",Summer,24023,8,Adventure,Leh Airport,Couple,Adventure-packed trip
New York,USA,New York,"Times Square, Central Park, Statue of Liberty",Autumn,24649,6,Urban,JFK Airport,Friends,Relaxing experience
Rishikesh,India,Uttarakhand,"Laxman Jhula, Ganga Aarti, River Rafting",Winter,48344,4,Spiritual,Dehradun Airport,Solo,Cultural hotspot
New York,USA,New York,"Times Square, Central Park, Statue of Liberty",Autumn,99461,5,Urban,JFK Airport,Friends,Ideal for honeymoon
Goa,India,Goa,"Baga Beach, Fort Aguada, Dudhsagar Falls",Winter,57543,9,Beach,Dabolim Airport,Friends,Budget-friendly option
Darjeeling,India,West Bengal,"Tiger Hill, Batasia Loop, Himalayan Railway",Summer,19119,5,Nature,Bagdogra Airport,Family,Budget-friendly option
Tokyo,Japan,Kanto,"Shibuya Crossing, Tokyo Tower, Meiji Shrine",Spring,27332,7,Urban,Haneda Airport,Solo,Adventure-packed trip
Leh,India,Ladakh,"Pangong Lake, Leh Palace, Khardung La",Summer,10988,10,Adventure,Leh Airport,Couple,Perfect weekend getaway
Tokyo,Japan,Kanto,"Shibuya Crossing, Tokyo Tower, Meiji Shrine",Spring,18863,9,Urban,Haneda Airport,Solo,Great for photography
Leh,India,Ladakh,"Pangong Lake, Leh Palace, Khardung La",Summer,48869,10,Adventure,Leh Airport,Couple,Ideal for honeymoon
Jaipur,India,Rajasthan,"Amber Fort, City Palace, Hawa Mahal",Winter,54252,9,Heritage,Jaipur Airport,Family,Budget-friendly option
Bali,Indonesia,Bali,"Uluwatu Temple, Kuta Beach, Tegallalang Rice Terrace",Summer,65302,8,Beach,Ngurah Rai Airport,Couple,Perfect weekend getaway
Jaipur,India,Rajasthan,"Amber Fort, City Palace, Hawa Mahal",Winter,59744,7,Heritage,Jaipur Airport,Family,Perfect weekend getaway
Paris,France,Île-de-France,"Eiffel Tower, Louvre Museum, Notre Dame",Spring,93191,2,Heritage,Charles de Gaulle Airport,Couple,Cultural hotspot
Tokyo,Japan,Kanto,"Shibuya Crossing, Tokyo Tower, Meiji Shrine",Spring,11578,10,Urban,Haneda Airport,Solo,Great for photography
Dubai,UAE,Dubai,"Burj Khalifa, Palm Jumeirah, Desert Safari",Winter,86957,3,Urban,Dubai Intl Airport,Family,Ideal for honeymoon
New York,USA,New York,"Times Square, Central Park, Statue of Liberty",Autumn,50960,8,Urban,JFK Airport,Friends,Great for photography
New York,USA,New York,"Times Square, Central Park, Statue of Liberty",Autumn,34986,3,Urban,JFK Airport,Friends,Great for photography
Darjeeling,India,West Bengal,"Tiger Hill, Batasia Loop, Himalayan Railway",Summer,42971,10,Nature,Bagdogra Airport,Family,Ideal for honeymoon
Jaipur,India,Rajasthan,"Amber Fort, City Palace, Hawa Mahal",Winter,21122,5,Heritage,Jaipur Airport,Family,Adventure-packed trip
Paris,France,Île-de-France,"Eiffel Tower, Louvre Museum, Notre Dame",Spring,33714,10,Heritage,Charles de Gaulle Airport,Couple,Adventure-packed trip
Leh,India,Ladakh,"Pangong Lake, Leh Palace, Khardung La",Summer,92785,3,Adventure,Leh Airport,Couple,Great for photography
Bali,Indonesia,Bali,"Uluwatu Temple, Kuta Beach, Tegallalang Rice Terrace",Summer,74851,10,Beach,Ngurah Rai Airport,Couple,Adventure-packed trip
Paris,France,Île-de-France,"Eiffel Tower, Louvre Museum, Notre Dame",Spring,12625,7,Heritage,Charles de Gaulle Airport,Couple,Adventure-packed trip
New York,USA,New York,"Times Square, Central Park, Statue of Liberty",Autumn,21540,7,Urban,JFK Airport,Friends,Cultural hotspot
Darjeeling,India,West Bengal,"Tiger Hill, Batasia Loop, Himalayan Railway",Summer,71423,4,Nature,Bagdogra Airport,Family,Adventure-packed trip
Darjeeling,India,West Bengal,"Tiger Hill, Batasia Loop, Himalayan Railway",Summer,86167,10,Nature,Bagdogra Airport,Family,Great for photography
New York,USA,New York,"Times Square, Central Park, Statue of Liberty",Autumn,95943,8,Urban,JFK Airport,Friends,Great for photography
Leh,India,Ladakh,"Pangong Lake, Leh Palace, Khardung La",Summer,90847,3,Adventure,Leh Airport,Couple,Great for photography
Darjeeling,India,West Bengal,"Tiger Hill, Batasia Loop, Himalayan Railway",Summer,74360,8,Nature,Bagdogra Airport,Family,Perfect weekend getaway
Rishikesh,India,Uttarakhand,"Laxman Jhula, Ganga Aarti, River Rafting",Winter,97489,3,Spiritual,Dehradun Airport,Solo,Great for photography
Jaipur,India,Rajasthan,"Amber Fort, City Palace, Hawa Mahal",Winter,27852,9,Heritage,Jaipur Airport,Family,Cultural hotspot
Goa,India,Goa,"Baga Beach, Fort Aguada, Dudhsagar Falls",Winter,89294,7,Beach,Dabolim Airport,Friends,Adventure-packed trip
Goa,India,Goa,"Baga Beach, Fort Aguada, Dudhsagar Falls",Winter,64765,6,Beach,Dabolim Airport,Friends,Perfect weekend getaway
Rishikesh,India,Uttarakhand,"Laxman Jhula, Ganga Aarti, River Rafting",Winter,97845,10,Spiritual,Dehradun Airport,Solo,Budget-friendly option
Rishikesh,India,Uttarakhand,"Laxman Jhula, Ganga Aarti, River Rafting",Winter,53739,2,Spiritual,Dehradun Airport,Solo,Budget-friendly option
Paris,France,Île-de-France,"Eiffel Tower, Louvre Museum, Notre Dame",Spring,25200,9,Heritage,Charles de Gaulle Airport,Couple,Relaxing experience
Jaipur,India,Rajasthan,"Amber Fort, City Palace, Hawa Mahal",Winter,92034,8,Heritage,Jaipur Airport,Family,Adventure-packed trip
Bali,Indonesia,Bali,"Uluwatu Temple, Kuta Beach, Tegallalang Rice Terrace",Summer,54014,2,Beach,Ngurah Rai Airport,Couple,Ideal for honeymoon
New York,USA,New York,"Times Square, Central Park, Statue of Liberty",Autumn,20881,7,Urban,JFK Airport,Friends,Perfect weekend getaway
Dubai,UAE,Dubai,"Burj Khalifa, Palm Jumeirah, Desert Safari",Winter,38155,5,Urban,Dubai Intl Airport,Family,Perfect weekend getaway
Jaipur,India,Rajasthan,"Amber Fort, City Palace, Hawa Mahal",Winter,88941,7,Heritage,Jaipur Airport,Family,Great for photography
New York,USA,New York,"Times Square, Central Park, Statue of Liberty",Autumn,64486,7,Urban,JFK Airport,Friends,Relaxing experience
Jaipur,India,Rajasthan,"Amber Fort, City Palace, Hawa Mahal",Winter,59133,3,Heritage,Jaipur Airport,Family,Budget-friendly option
Goa,India,Goa,"Baga Beach, Fort Aguada, Dudhsagar Falls",Winter,98880,8,Beach,Dabolim Airport,Friends,Adventure-packed trip
Goa,India,Goa,"Baga Beach, Fort Aguada, Dudhsagar Falls",Winter,21353,2,Beach,Dabolim Airport,Friends,Relaxing experience
Rishikesh,India,Uttarakhand,"Laxman Jhula, Ganga Aarti, River Rafting",Winter,8395,2,Spiritual,Dehradun Airport,Solo,Cultural hotspot
Rishikesh,India,Uttarakhand,"Laxman Jhula, Ganga Aarti, River Rafting",Winter,14559,2,Spiritual,Dehradun Airport,Solo,Adventure-packed trip
Jaipur,India,Rajasthan,"Amber Fort, City Palace, Hawa Mahal",Winter,90574,8,Heritage,Jaipur Airport,Family,Great for photography
Leh,India,Ladakh,"Pangong Lake, Leh Palace, Khardung La",Summer,59633,2,Adventure,Leh Airport,Couple,Cultural hotspot
Leh,India,Ladakh,"Pangong Lake, Leh Palace, Khardung La",Summer,91836,4,Adventure,Leh Airport,Couple,Perfect weekend getaway
Leh,India,Ladakh,"Pangong Lake, Leh Palace, Khardung La",Summer,57824,10,Adventure,Leh Airport,Couple,Budget-friendly option
Darjeeling,India,West Bengal,"Tiger Hill, Batasia Loop, Himalayan Railway",Summer,79493,9,Nature,Bagdogra Airport,Family,Cultural hotspot
Tokyo,Japan,Kanto,"Shibuya Crossing, Tokyo Tower, Meiji Shrine",Spring,69083,5,Urban,Haneda Airport,Solo,Adventure-packed trip
Bali,Indonesia,Bali,"Uluwatu Temple, Kuta Beach, Tegallalang Rice Terrace",Summer,57846,2,Beach,Ngurah Rai Airport,Couple,Budget-friendly option
Goa,India,Goa,"Baga Beach, Fort Aguada, Dudhsagar Falls",Winter,50097,3,Beach,Dabolim Airport,Friends,Cultural hotspot
Rishikesh,India,Uttarakhand,"Laxman Jhula, Ganga Aarti, River Rafting",Winter,96543,2,Spiritual,Dehradun Airport,Solo,Cultural hotspot
Leh,India,Ladakh,"Pangong Lake, Leh Palace, Khardung La",Summer,75166,9,Adventure,Leh Airport,Couple,Great for photography
Dubai,UAE,Dubai,"Burj Khalifa, Palm Jumeirah, Desert Safari",Winter,78692,6,Urban,Dubai Intl Airport,Family,Adventure-packed trip
Jaipur,India,Rajasthan,"Amber Fort, City Palace, Hawa Mahal",Winter,66611,7,Heritage,Jaipur Airport,Family,Adventure-packed trip
Darjeeling,India,West Bengal,"Tiger Hill, Batasia Loop, Himalayan Railway",Summer,33939,3,Nature,Bagdogra Airport,Family,Relaxing experience
Leh,India,Ladakh,"Pangong Lake, Leh Palace, Khardung La",Summer,25164,10,Adventure,Leh Airport,Couple,Ideal for honeymoon
Leh,India,Ladakh,"Pangong Lake, Leh Palace, Khardung La",Summer,72892,10,Adventure,Leh Airport,Couple,Perfect weekend getaway
New York,USA,New York,"Times Square, Central Park, Statue of Liberty",Autumn,44632,5,Urban,JFK Airport,Friends,Perfect weekend getaway
Rishikesh,India,Uttarakhand,"Laxman Jhula, Ganga Aarti, River Rafting",Winter,49409,3,Spiritual,Dehradun Airport,Solo,Perfect weekend getaway
Jaipur,India,Rajasthan,"Amber Fort, City Palace, Hawa Mahal",Winter,36787,2,Heritage,Jaipur Airport,Family,Ideal for honeymoon
Darjeeling,India,West Bengal,"Tiger Hill, Batasia Loop, Himalayan Railway",Summer,27419,5,Nature,Bagdogra Airport,Family,Adventure-packed trip
Leh,India,Ladakh,"Pangong Lake, Leh Palace, Khardung La",Summer,26370,2,Adventure,Leh Airport,Couple,Relaxing experience
Goa,India,Goa,"Baga Beach, Fort Aguada, Dudhsagar Falls",Winter,59269,10,Beach,Dabolim Airport,Friends,Great for photography
Leh,India,Ladakh,"Pangong Lake, Leh Palace, Khardung La",Summer,40163,7,Adventure,Leh Airport,Couple,Great for photography
Darjeeling,India,West Bengal,"Tiger Hill, Batasia Loop, Himalayan Railway",Summer,43132,3,Nature,Bagdogra Airport,Family,Budget-friendly option
Dubai,UAE,Dubai,"Burj Khalifa, Palm Jumeirah, Desert Safari",Winter,88312,2,Urban,Dubai Intl Airport,Family,Ideal for honeymoon
Jaipur,India,Rajasthan,"Amber Fort, City Palace, Hawa Mahal",Winter,18396,3,Heritage,Jaipur Airport,Family,Adventure-packed trip
Jaipur,India,Rajasthan,"Amber Fort, City Palace, Hawa Mahal",Winter,13152,3,Heritage,Jaipur Airport,Family,Great for photography
Darjeeling,India,West Bengal,"Tiger Hill, Batasia Loop, Himalayan Railway",Summer,38992,5,Nature,Bagdogra Airport,Family,Great for photography
Goa,India,Goa,"Baga Beach, Fort Aguada, Dudhsagar Falls",Winter,73582,9,Beach,Dabolim Airport,Friends,Budget-friendly option
Bali,Indonesia,Bali,"Uluwatu Temple, Kuta Beach, Tegallalang Rice Terrace",Summer,71977,2,Beach,Ngurah Rai Airport,Couple,Perfect weekend getaway
Goa,India,Goa,"Baga Beach, Fort Aguada, Dudhsagar Falls",Winter,69357,8,Beach,Dabolim Airport,Friends,Relaxing experience
New York,USA,New York,"Times Square, Central Park, Statue of Liberty",Autumn,51981,10,Urban,JFK Airport,Friends,Great for photography
Paris,France,Île-de-France,"Eiffel Tower, Louvre Museum, Notre Dame",Spring,63449,7,Heritage,Charles de Gaulle Airport,Couple,Perfect weekend getaway
Dubai,UAE,Dubai,"Burj Khalifa, Palm Jumeirah, Desert Safari",Winter,60256,2,Urban,Dubai Intl Airport,Family,Great for photography
Tokyo,Japan,Kanto,"Shibuya Crossing, Tokyo Tower, Meiji Shrine",Spring,54256,2,Urban,Haneda Airport,Solo,Cultural hotspot
Darjeeling,India,West Bengal,"Tiger Hill, Batasia Loop, Himalayan Railway",Summer,17392,4,Nature,Bagdogra Airport,Family,Ideal for honeymoon
Goa,India,Goa,"Baga Beach, Fort Aguada, Dudhsagar Falls",Winter,41782,7,Beach,Dabolim Airport,Friends,Great for photography
Dubai,UAE,Dubai,"Burj Khalifa, Palm Jumeirah, Desert Safari",Winter,96185,10,Urban,Dubai Intl Airport,Family,Cultural hotspot
Leh,India,Ladakh,"Pangong Lake, Leh Palace, Khardung La",Summer,80894,3,Adventure,Leh Airport,Couple,Cultural hotspot
Goa,India,Goa,"Baga Beach, Fort Aguada, Dudhsagar Falls",Winter,54522,2,Beach,Dabolim Airport,Friends,Cultural hotspot
Leh,India,Ladakh,"Pangong Lake, Leh Palace, Khardung La",Summer,92610,5,Adventure,Leh Airport,Couple,Perfect weekend getaway
Darjeeling,India,West Bengal,"Tiger Hill, Batasia Loop, Himalayan Railway",Summer,95401,3,Nature,Bagdogra Airport,Family,Budget-friendly option
Tokyo,Japan,Kanto,"Shibuya Crossing, Tokyo Tower, Meiji Shrine",Spring,96192,10,Urban,Haneda Airport,Solo,Great for photography
Goa,India,Goa,"Baga Beach, Fort Aguada, Dudhsagar Falls",Winter,91818,4,Beach,Dabolim Airport,Friends,Ideal for honeymoon
Goa,India,Goa,"Baga Beach, Fort Aguada, Dudhsagar Falls",Winter,68509,9,Beach,Dabolim Airport,Friends,Relaxing experience
Jaipur,India,Rajasthan,"Amber Fort, City Palace, Hawa Mahal",Winter,87040,5,Heritage,Jaipur Airport,Family,Ideal for honeymoon
Tokyo,Japan,Kanto,"Shibuya Crossing, Tokyo Tower, Meiji Shrine",Spring,36945,3,Urban,Haneda Airport,Solo,Cultural hotspot
Goa,India,Goa,"Baga Beach, Fort Aguada, Dudhsagar Falls",Winter,60707,7,Beach,Dabolim Airport,Friends,Budget-friendly option
Tokyo,Japan,Kanto,"Shibuya Crossing, Tokyo Tower, Meiji Shrine",Spring,52907,8,Urban,Haneda Airport,Solo,Great for photography
Bali,Indonesia,Bali,"Uluwatu Temple, Kuta Beach, Tegallalang Rice Terrace",Summer,91036,8,Beach,Ngurah Rai Airport,Couple,Cultural hotspot
Paris,France,Île-de-France,"Eiffel Tower, Louvre Museum, Notre Dame",Spring,87594,9,Heritage,Charles de Gaulle Airport,Couple,Relaxing experience
Goa,India,Goa,"Baga Beach, Fort Aguada, Dudhsagar Falls",Winter,77891,9,Beach,Dabolim Airport,Friends,Great for photography
Bali,Indonesia,Bali,"Uluwatu Temple, Kuta Beach, Tegallalang Rice Terrace",Summer,29440,6,Beach,Ngurah Rai Airport,Couple,Ideal for honeymoon
New York,USA,New York,"Times Square, Central Park, Statue of Liberty",Autumn,69720,7,Urban,JFK Airport,Friends,Adventure-packed trip
Leh,India,Ladakh,"Pangong Lake, Leh Palace, Khardung La",Summer,31583,8,Adventure,Leh Airport,Couple,Perfect weekend getaway
New York,USA,New York,"Times Square, Central Park, Statue of Liberty",Autumn,62175,10,Urban,JFK Airport,Friends,Ideal for honeymoon
Bali,Indonesia,Bali,"Uluwatu Temple, Kuta Beach, Tegallalang Rice Terrace",Summer,86139,9,Beach,Ngurah Rai Airport,Couple,Perfect weekend getaway
Leh,India,Ladakh,"Pangong Lake, Leh Palace, Khardung La",Summer,72207,10,Adventure,Leh Airport,Couple,Budget-friendly option
Leh,India,Ladakh,"Pangong Lake, Leh Palace, Khardung La",Summer,57791,7,Adventure,Leh Airport,Couple,Great for photography
Leh,India,Ladakh,"Pangong Lake, Leh Palace, Khardung La",Summer,72399,7,Adventure,Leh Airport,Couple,Cultural hotspot
Tokyo,Japan,Kanto,"Shibuya Crossing, Tokyo Tower, Meiji Shrine",Spring,83232,2,Urban,Haneda Airport,Solo,Cultural hotspot
Bali,Indonesia,Bali,"Uluwatu Temple, Kuta Beach, Tegallalang Rice Terrace",Summer,48312,2,Beach,Ngurah Rai Airport,Couple,Ideal for honeymoon
Darjeeling,India,West Bengal,"Tiger Hill, Batasia Loop, Himalayan Railway",Summer,14677,2,Nature,Bagdogra Airport,Family,Relaxing experience
New York,USA,New York,"Times Square, Central Park, Statue of Liberty",Autumn,71996,7,Urban,JFK Airport,Friends,Relaxing experience
Jaipur,India,Rajasthan,"Amber Fort, City Palace, Hawa Mahal",Winter,52580,6,Heritage,Jaipur Airport,Family,Ideal for honeymoon
Goa,India,Goa,"Baga Beach, Fort Aguada, Dudhsagar Falls",Winter,34165,3,Beach,Dabolim Airport,Friends,Adventure-packed trip
New York,USA,New York,"Times Square, Central Park, Statue of Liberty",Autumn,75144,8,Urban,JFK Airport,Friends,Perfect weekend getaway
Jaipur,India,Rajasthan,"Amber Fort, City Palace, Hawa Mahal",Winter,70078,5,Heritage,Jaipur Airport,Family,Budget-friendly option
Tokyo,Japan,Kanto,"Shibuya Crossing, Tokyo Tower, Meiji Shrine",Spring,47291,2,Urban,Haneda Airport,Solo,Relaxing experience
Jaipur,India,Rajasthan,"Amber Fort, City Palace, Hawa Mahal",Winter,26670,10,Heritage,Jaipur Airport,Family,Adventure-packed trip
Darjeeling,India,West Bengal,"Tiger Hill, Batasia Loop, Himalayan Railway",Summer,43890,2,Nature,Bagdogra Airport,Family,Great for photography
Jaipur,India,Rajasthan,"Amber Fort, City Palace, Hawa Mahal",Winter,34672,7,Heritage,Jaipur Airport,Family,Perfect weekend getaway
Tokyo,Japan,Kanto,"Shibuya Crossing, Tokyo Tower, Meiji Shrine",Spring,32609,10,Urban,Haneda Airport,Solo,Relaxing experience
Jaipur,India,Rajasthan,"Amber Fort, City Palace, Hawa Mahal",Winter,13186,2,Heritage,Jaipur Airport,Family,Cultural hotspot
Rishikesh,India,Uttarakhand,"Laxman Jhula, Ganga Aarti, River Rafting",Winter,33679,7,Spiritual,Dehradun Airport,Solo,Cultural hotspot
Bali,Indonesia,Bali,"Uluwatu Temple, Kuta Beach, Tegallalang Rice Terrace",Summer,77392,3,Beach,Ngurah Rai Airport,Couple,Cultural hotspot
Darjeeling,India,West Bengal,"Tiger Hill, Batasia Loop, Himalayan Railway",Summer,71519,7,Nature,Bagdogra Airport,Family,Cultural hotspot
Rishikesh,India,Uttarakhand,"Laxman Jhula, Ganga Aarti, River Rafting",Winter,11651,10,Spiritual,Dehradun Airport,Solo,Adventure-packed trip
Bali,Indonesia,Bali,"Uluwatu Temple, Kuta Beach, Tegallalang Rice Terrace",Summer,99688,2,Beach,Ngurah Rai Airport,Couple,Cultural hotspot
Leh,India,Ladakh,"Pangong Lake, Leh Palace, Khardung La",Summer,81159,10,Adventure,Leh Airport,Couple,Perfect weekend getaway
Darjeeling,India,West Bengal,"Tiger Hill, Batasia Loop, Himalayan Railway",Summer,52567,5,Nature,Bagdogra Airport,Family,Relaxing experience
Tokyo,Japan,Kanto,"Shibuya Crossing, Tokyo Tower, Meiji Shrine",Spring,71852,9,Urban,Haneda Airport,Solo,Cultural hotspot
Bali,Indonesia,Bali,"Uluwatu Temple, Kuta Beach, Tegallalang Rice Terrace",Summer,68849,9,Beach,Ngurah Rai Airport,Couple,Great for photography
Jaipur,India,Rajasthan,"Amber Fort, City Palace, Hawa Mahal",Winter,63861,9,Heritage,Jaipur Airport,Family,Great for photography
Goa,India,Goa,"Baga Beach, Fort Aguada, Dudhsagar Falls",Winter,48197,2,Beach,Dabolim Airport,Friends,Great for photography
Paris,France,Île-de-France,"Eiffel Tower, Louvre Museum, Notre Dame",Spring,43548,7,Heritage,Charles de Gaulle Airport,Couple,Adventure-packed trip
Dubai,UAE,Dubai,"Burj Khalifa, Palm Jumeirah, Desert Safari",Winter,11245,6,Urban,Dubai Intl Airport,Family,Perfect weekend getaway
Darjeeling,India,West Bengal,"Tiger Hill, Batasia Loop, Himalayan Railway",Summer,98380,7,Nature,Bagdogra Airport,Family,Ideal for honeymoon
Paris,France,Île-de-France,"Eiffel Tower, Louvre Museum, Notre Dame",Spring,87869,8,Heritage,Charles de Gaulle Airport,Couple,Cultural hotspot
Tokyo,Japan,Kanto,"Shibuya Crossing, Tokyo Tower, Meiji Shrine",Spring,79521,9,Urban,Haneda Airport,Solo,Ideal for honeymoon
Rishikesh,India,Uttarakhand,"Laxman Jhula, Ganga Aarti, River Rafting",Winter,42021,5,Spiritual,Dehradun Airport,Solo,Adventure-packed trip
Bali,Indonesia,Bali,"Uluwatu Temple, Kuta Beach, Tegallalang Rice Terrace",Summer,13338,4,Beach,Ngurah Rai Airport,Couple,Budget-friendly option
New York,USA,New York,"Times Square, Central Park, Statue of Liberty",Autumn,64498,7,Urban,JFK Airport,Friends,Relaxing experience
Jaipur,India,Rajasthan,"Amber Fort, City Palace, Hawa Mahal",Winter,51841,5,Heritage,Jaipur Airport,Family,Cultural hotspot
Dubai,UAE,Dubai,"Burj Khalifa, Palm Jumeirah, Desert Safari",Winter,29189,9,Urban,Dubai Intl Airport,Family,Great for photography
Tokyo,Japan,Kanto,"Shibuya Crossing, Tokyo Tower, Meiji Shrine",Spring,28093,4,Urban,Haneda Airport,Solo,Great for photography
Dubai,UAE,Dubai,"Burj Khalifa, Palm Jumeirah, Desert Safari",Winter,20481,9,Urban,Dubai Intl Airport,Family,Budget-friendly option
Rishikesh,India,Uttarakhand,"Laxman Jhula, Ganga Aarti, River Rafting",Winter,78569,3,Spiritual,Dehradun Airport,Solo,Cultural hotspot
Paris,France,Île-de-France,"Eiffel Tower, Louvre Museum, Notre Dame",Spring,13574,9,Heritage,Charles de Gaulle Airport,Couple,Perfect weekend getaway
New York,USA,New York,"Times Square, Central Park, Statue of Liberty",Autumn,26845,5,Urban,JFK Airport,Friends,Great for photography
Rishikesh,India,Uttarakhand,"Laxman Jhula, Ganga Aarti, River Rafting",Winter,12784,7,Spiritual,Dehradun Airport,Solo,Adventure-packed trip
Paris,France,Île-de-France,"Eiffel Tower, Louvre Museum, Notre Dame",Spring,99251,7,Heritage,Charles de Gaulle Airport,Couple,Adventure-packed trip
Jaipur,India,Rajasthan,"Amber Fort, City Palace, Hawa Mahal",Winter,74585,4,Heritage,Jaipur Airport,Family,Perfect weekend getaway
Tokyo,Japan,Kanto,"Shibuya Crossing, Tokyo Tower, Meiji Shrine",Spring,44689,10,Urban,Haneda Airport,Solo,Cultural hotspot
Leh,India,Ladakh,"Pangong Lake, Leh Palace, Khardung La",Summer,90589,4,Adventure,Leh Airport,Couple,Great for photography
Jaipur,India,Rajasthan,"Amber Fort, City Palace, Hawa Mahal",Winter,9462,5,Heritage,Jaipur Airport,Family,Budget-friendly option
Goa,India,Goa,"Baga Beach, Fort Aguada, Dudhsagar Falls",Winter,68510,9,Beach,Dabolim Airport,Friends,Perfect weekend getaway
Goa,India,Goa,"Baga Beach, Fort Aguada, Dudhsagar Falls",Winter,19512,4,Beach,Dabolim Airport,Friends,Budget-friendly option
Jaipur,India,Rajasthan,"Amber Fort, City Palace, Hawa Mahal",Winter,51520,10,Heritage,Jaipur Airport,Family,Cultural hotspot
Leh,India,Ladakh,"Pangong Lake, Leh Palace, Khardung La",Summer,15994,2,Adventure,Leh Airport,Couple,Ideal for honeymoon
Goa,India,Goa,"Baga Beach, Fort Aguada, Dudhsagar Falls",Winter,41267,3,Beach,Dabolim Airport,Friends,Budget-friendly option
Bali,Indonesia,Bali,"Uluwatu Temple, Kuta Beach, Tegallalang Rice Terrace",Summer,73154,2,Beach,Ngurah Rai Airport,Couple,Cultural hotspot
Goa,India,Goa,"Baga Beach, Fort Aguada, Dudhsagar Falls",Winter,29174,6,Beach,Dabolim Airport,Friends,Budget-friendly option
Paris,France,Île-de-France,"Eiffel Tower, Louvre Museum, Notre Dame",Spring,41008,5,Heritage,Charles de Gaulle Airport,Couple,Relaxing experience
Leh,India,Ladakh,"Pangong Lake, Leh Palace, Khardung La",Summer,26579,8,Adventure,Leh Airport,Couple,Great for photography
Bali,Indonesia,Bali,"Uluwatu Temple, Kuta Beach, Tegallalang Rice Terrace",Summer,41147,10,Beach,Ngurah Rai Airport,Couple,Adventure-packed trip
Paris,France,Île-de-France,"Eiffel Tower, Louvre Museum, Notre Dame",Spring,83873,8,Heritage,Charles de Gaulle Airport,Couple,Cultural hotspot
Jaipur,India,Rajasthan,"Amber Fort, City Palace, Hawa Mahal",Winter,67393,9,Heritage,Jaipur Airport,Family,Cultural hotspot
Leh,India,Ladakh,"Pangong Lake, Leh Palace, Khardung La",Summer,31226,6,Adventure,Leh Airport,Couple,Ideal for honeymoon
Leh,India,Ladakh,"Pangong Lake, Leh Palace, Khardung La",Summer,60681,7,Adventure,Leh Airport,Couple,Great for photography
Leh,India,Ladakh,"Pangong Lake, Leh Palace, Khardung La",Summer,5584,2,Adventure,Leh Airport,Couple,Relaxing experience
New York,USA,New York,"Times Square, Central Park, Statue of Liberty",Autumn,67587,5,Urban,JFK Airport,Friends,Cultural hotspot
Goa,India,Goa,"Baga Beach, Fort Aguada, Dudhsagar Falls",Winter,6140,4,Beach,Dabolim Airport,Friends,Cultural hotspot
Jaipur,India,Rajasthan,"Amber Fort, City Palace, Hawa Mahal",Winter,22402,9,Heritage,Jaipur Airport,Family,Relaxing experience
Leh,India,Ladakh,"Pangong Lake, Leh Palace, Khardung La",Summer,65573,3,Adventure,Leh Airport,Couple,Relaxing experience
Dubai,UAE,Dubai,"Burj Khalifa, Palm Jumeirah, Desert Safari",Winter,78250,5,Urban,Dubai Intl Airport,Family,Perfect weekend getaway
Bali,Indonesia,Bali,"Uluwatu Temple, Kuta Beach, Tegallalang Rice Terrace",Summer,57057,9,Beach,Ngurah Rai Airport,Couple,Great for photography
Darjeeling,India,West Bengal,"Tiger Hill, Batasia Loop, Himalayan Railway",Summer,12249,8,Nature,Bagdogra Airport,Family,Budget-friendly option
Leh,India,Ladakh,"Pangong Lake, Leh Palace, Khardung La",Summer,65733,8,Adventure,Leh Airport,Couple,Ideal for honeymoon
Darjeeling,India,West Bengal,"Tiger Hill, Batasia Loop, Himalayan Railway",Summer,96071,7,Nature,Bagdogra Airport,Family,Adventure-packed trip
Paris,France,Île-de-France,"Eiffel Tower, Louvre Museum, Notre Dame",Spring,59767,9,Heritage,Charles de Gaulle Airport,Couple,Budget-friendly option
Bali,Indonesia,Bali,"Uluwatu Temple, Kuta Beach, Tegallalang Rice Terrace",Summer,26379,9,Beach,Ngurah Rai Airport,Couple,Adventure-packed trip
Dubai,UAE,Dubai,"Burj Khalifa, Palm Jumeirah, Desert Safari",Winter,95473,5,Urban,Dubai Intl Airport,Family,Budget-friendly option
Dubai,UAE,Dubai,"Burj Khalifa, Palm Jumeirah, Desert Safari",Winter,43790,6,Urban,Dubai Intl Airport,Family,Great for photography
New York,USA,New York,"Times Square, Central Park, Statue of Liberty",Autumn,47689,5,Urban,JFK Airport,Friends,Cultural hotspot
Bali,Indonesia,Bali,"Uluwatu Temple, Kuta Beach, Tegallalang Rice Terrace",Summer,63528,3,Beach,Ngurah Rai Airport,Couple,Adventure-packed trip
Dubai,UAE,Dubai,"Burj Khalifa, Palm Jumeirah, Desert Safari",Winter,99979,8,Urban,Dubai Intl Airport,Family,Relaxing experience
Bali,Indonesia,Bali,"Uluwatu Temple, Kuta Beach, Tegallalang Rice Terrace",Summer,58720,3,Beach,Ngurah Rai Airport,Couple,Ideal for honeymoon
Rishikesh,India,Uttarakhand,"Laxman Jhula, Ganga Aarti, River Rafting",Winter,47758,6,Spiritual,Dehradun Airport,Solo,Great for photography
Bali,Indonesia,Bali,"Uluwatu Temple, Kuta Beach, Tegallalang Rice Terrace",Summer,63675,3,Beach,Ngurah Rai Airport,Couple,Great for photography
Leh,India,Ladakh,"Pangong Lake, Leh Palace, Khardung La",Summer,52037,2,Adventure,Leh Airport,Couple,Budget-friendly option
Goa,India,Goa,"Baga Beach, Fort Aguada, Dudhsagar Falls",Winter,57697,5,Beach,Dabolim Airport,Friends,Relaxing experience
Dubai,UAE,Dubai,"Burj Khalifa, Palm Jumeirah, Desert Safari",Winter,89783,2,Urban,Dubai Intl Airport,Family,Budget-friendly option
Leh,India,Ladakh,"Pangong Lake, Leh Palace, Khardung La",Summer,14702,7,Adventure,Leh Airport,Couple,Budget-friendly option
Paris,France,Île-de-France,"Eiffel Tower, Louvre Museum, Notre Dame",Spring,47361,6,Heritage,Charles de Gaulle Airport,Couple,Ideal for honeymoon
Leh,India,Ladakh,"Pangong Lake, Leh Palace, Khardung La",Summer,39083,9,Adventure,Leh Airport,Couple,Great for photography
Goa,India,Goa,"Baga Beach, Fort Aguada, Dudhsagar Falls",Winter,7792,2,Beach,Dabolim Airport,Friends,Great for photography
Tokyo,Japan,Kanto,"Shibuya Crossing, Tokyo Tower, Meiji Shrine",Spring,49527,7,Urban,Haneda Airport,Solo,Cultural hotspot
Leh,India,Ladakh,"Pangong Lake, Leh Palace, Khardung La",Summer,57651,9,Adventure,Leh Airport,Couple,Great for photography
Goa,India,Goa,"Baga Beach, Fort Aguada, Dudhsagar Falls",Winter,21698,6,Beach,Dabolim Airport,Friends,Adventure-packed trip
New York,USA,New York,"Times Square, Central Park, Statue of Liberty",Autumn,68948,5,Urban,JFK Airport,Friends,Perfect weekend getaway
Leh,India,Ladakh,"Pangong Lake, Leh Palace, Khardung La",Summer,85064,3,Adventure,Leh Airport,Couple,Budget-friendly option
Leh,India,Ladakh,"Pangong Lake, Leh Palace, Khardung La",Summer,37122,9,Adventure,Leh Airport,Couple,Cultural hotspot
Rishikesh,India,Uttarakhand,"Laxman Jhula, Ganga Aarti, River Rafting",Winter,96374,3,Spiritual,Dehradun Airport,Solo,Relaxing experience
Jaipur,India,Rajasthan,"Amber Fort, City Palace, Hawa Mahal",Winter,65930,7,Heritage,Jaipur Airport,Family,Cultural hotspot
Tokyo,Japan,Kanto,"Shibuya Crossing, Tokyo Tower, Meiji Shrine",Spring,29767,7,Urban,Haneda Airport,Solo,Ideal for honeymoon
Darjeeling,India,West Bengal,"Tiger Hill, Batasia Loop, Himalayan Railway",Summer,50068,8,Nature,Bagdogra Airport,Family,Budget-friendly option
Goa,India,Goa,"Baga Beach, Fort Aguada, Dudhsagar Falls",Winter,93924,8,Beach,Dabolim Airport,Friends,Perfect weekend getaway
Rishikesh,India,Uttarakhand,"Laxman Jhula, Ganga Aarti, River Rafting",Winter,74076,7,Spiritual,Dehradun Airport,Solo,Great for photography
Darjeeling,India,West Bengal,"Tiger Hill, Batasia Loop, Himalayan Railway",Summer,57481,6,Nature,Bagdogra Airport,Family,Great for photography
Darjeeling,India,West Bengal,"Tiger Hill, Batasia Loop, Himalayan Railway",Summer,22734,10,Nature,Bagdogra Airport,Family,Ideal for honeymoon
Jaipur,India,Rajasthan,"Amber Fort, City Palace, Hawa Mahal",Winter,40960,4,Heritage,Jaipur Airport,Family,Perfect weekend getaway
Bali,Indonesia,Bali,"Uluwatu Temple, Kuta Beach, Tegallalang Rice Terrace",Summer,77427,9,Beach,Ngurah Rai Airport,Couple,Relaxing experience
Goa,India,Goa,"Baga Beach, Fort Aguada, Dudhsagar Falls",Winter,36795,5,Beach,Dabolim Airport,Friends,Cultural hotspot
Jaipur,India,Rajasthan,"Amber Fort, City Palace, Hawa Mahal",Winter,69586,7,Heritage,Jaipur Airport,Family,Perfect weekend getaway
Goa,India,Goa,"Baga Beach, Fort Aguada, Dudhsagar Falls",Winter,50200,6,Beach,Dabolim Airport,Friends,Ideal for honeymoon
Rishikesh,India,Uttarakhand,"Laxman Jhula, Ganga Aarti, River Rafting",Winter,22098,5,Spiritual,Dehradun Airport,Solo,Ideal for honeymoon
Goa,India,Goa,"Baga Beach, Fort Aguada, Dudhsagar Falls",Winter,14189,8,Beach,Dabolim Airport,Friends,Relaxing experience
Leh,India,Ladakh,"Pangong Lake, Leh Palace, Khardung La",Summer,60859,4,Adventure,Leh Airport,Couple,Perfect weekend getaway
Goa,India,Goa,"Baga Beach, Fort Aguada, Dudhsagar Falls",Winter,47901,5,Beach,Dabolim Airport,Friends,Great for photography
Rishikesh,India,Uttarakhand,"Laxman Jhula, Ganga Aarti, River Rafting",Winter,94604,3,Spiritual,Dehradun Airport,Solo,Perfect weekend getaway
Jaipur,India,Rajasthan,"Amber Fort, City Palace, Hawa Mahal",Winter,23991,6,Heritage,Jaipur Airport,Family,Budget-friendly option
Dubai,UAE,Dubai,"Burj Khalifa, Palm Jumeirah, Desert Safari",Winter,82909,6,Urban,Dubai Intl Airport,Family,Budget-friendly option
Dubai,UAE,Dubai,"Burj Khalifa, Palm Jumeirah, Desert Safari",Winter,51405,8,Urban,Dubai Intl Airport,Family,Great for photography
Goa,India,Goa,"Baga Beach, Fort Aguada, Dudhsagar Falls",Winter,56818,10,Beach,Dabolim Airport,Friends,Adventure-packed trip
Tokyo,Japan,Kanto,"Shibuya Crossing, Tokyo Tower, Meiji Shrine",Spring,66554,7,Urban,Haneda Airport,Solo,Great for photography
Tokyo,Japan,Kanto,"Shibuya Crossing, Tokyo Tower, Meiji Shrine",Spring,93066,8,Urban,Haneda Airport,Solo,Relaxing experience
Goa,India,Goa,"Baga Beach, Fort Aguada, Dudhsagar Falls",Winter,50217,4,Beach,Dabolim Airport,Friends,Budget-friendly option
New York,USA,New York,"Times Square, Central Park, Statue of Liberty",Autumn,9561,3,Urban,JFK Airport,Friends,Ideal for honeymoon
Bali,Indonesia,Bali,"Uluwatu Temple, Kuta Beach, Tegallalang Rice Terrace",Summer,39039,2,Beach,Ngurah Rai Airport,Couple,Adventure-packed trip
Darjeeling,India,West Bengal,"Tiger Hill, Batasia Loop, Himalayan Railway",Summer,34553,4,Nature,Bagdogra Airport,Family,Relaxing experience
Rishikesh,India,Uttarakhand,"Laxman Jhula, Ganga Aarti, River Rafting",Winter,46667,4,Spiritual,Dehradun Airport,Solo,Relaxing experience
Darjeeling,India,West Bengal,"Tiger Hill, Batasia Loop, Himalayan Railway",Summer,84140,9,Nature,Bagdogra Airport,Family,Relaxing experience
New York,USA,New York,"Times Square, Central Park, Statue of Liberty",Autumn,78644,9,Urban,JFK Airport,Friends,Cultural hotspot
Paris,France,Île-de-France,"Eiffel Tower, Louvre Museum, Notre Dame",Spring,16759,7,Heritage,Charles de Gaulle Airport,Couple,Perfect weekend getaway
Darjeeling,India,West Bengal,"Tiger Hill, Batasia Loop, Himalayan Railway",Summer,42598,3,Nature,Bagdogra Airport,Family,Adventure-packed trip
Leh,India,Ladakh,"Pangong Lake, Leh Palace, Khardung La",Summer,63358,6,Adventure,Leh Airport,Couple,Adventure-packed trip
Paris,France,Île-de-France,"Eiffel Tower, Louvre Museum, Notre Dame",Spring,12079,6,Heritage,Charles de Gaulle Airport,Couple,Perfect weekend getaway
Darjeeling,India,West Bengal,"Tiger Hill, Batasia Loop, Himalayan Railway",Summer,36110,10,Nature,Bagdogra Airport,Family,Ideal for honeymoon
Leh,India,Ladakh,"Pangong Lake, Leh Palace, Khardung La",Summer,73769,6,Adventure,Leh Airport,Couple,Ideal for honeymoon
Dubai,UAE,Dubai,"Burj Khalifa, Palm Jumeirah, Desert Safari",Winter,89524,9,Urban,Dubai Intl Airport,Family,Adventure-packed trip
Tokyo,Japan,Kanto,"Shibuya Crossing, Tokyo Tower, Meiji Shrine",Spring,40440,9,Urban,Haneda Airport,Solo,Great for photography
Rishikesh,India,Uttarakhand,"Laxman Jhula, Ganga Aarti, River Rafting",Winter,89527,6,Spiritual,Dehradun Airport,Solo,Adventure-packed trip
Bali,Indonesia,Bali,"Uluwatu Temple, Kuta Beach, Tegallalang Rice Terrace",Summer,32611,3,Beach,Ngurah Rai Airport,Couple,Budget-friendly option
Goa,India,Goa,"Baga Beach, Fort Aguada, Dudhsagar Falls",Winter,37657,7,Beach,Dabolim Airport,Friends,Great for photography
Tokyo,Japan,Kanto,"Shibuya Crossing, Tokyo Tower, Meiji Shrine",Spring,84669,9,Urban,Haneda Airport,Solo,Relaxing experience
Dubai,UAE,Dubai,"Burj Khalifa, Palm Jumeirah, Desert Safari",Winter,47596,3,Urban,Dubai Intl Airport,Family,Great for photography
Rishikesh,India,Uttarakhand,"Laxman Jhula, Ganga Aarti, River Rafting",Winter,42442,7,Spiritual,Dehradun Airport,Solo,Adventure-packed trip
Rishikesh,India,Uttarakhand,"Laxman Jhula, Ganga Aarti, River Rafting",Winter,40856,6,Spiritual,Dehradun Airport,Solo,Budget-friendly option
Jaipur,India,Rajasthan,"Amber Fort, City Palace, Hawa Mahal",Winter,37231,10,Heritage,Jaipur Airport,Family,Budget-friendly option
Goa,India,Goa,"Baga Beach, Fort Aguada, Dudhsagar Falls",Winter,26791,2,Beach,Dabolim Airport,Friends,Great for photography
Tokyo,Japan,Kanto,"Shibuya Crossing, Tokyo Tower, Meiji Shrine",Spring,79087,5,Urban,Haneda Airport,Solo,Perfect weekend getaway
New York,USA,New York,"Times Square, Central Park, Statue of Liberty",Autumn,51658,8,Urban,JFK Airport,Friends,Cultural hotspot
Bali,Indonesia,Bali,"Uluwatu Temple, Kuta Beach, Tegallalang Rice Terrace",Summer,7894,4,Beach,Ngurah Rai Airport,Couple,Cultural hotspot
Rishikesh,India,Uttarakhand,"Laxman Jhula, Ganga Aarti, River Rafting",Winter,56045,6,Spiritual,Dehradun Airport,Solo,Budget-friendly option
Leh,India,Ladakh,"Pangong Lake, Leh Palace, Khardung La",Summer,62581,3,Adventure,Leh Airport,Couple,Cultural hotspot
Darjeeling,India,West Bengal,"Tiger Hill, Batasia Loop, Himalayan Railway",Summer,18377,4,Nature,Bagdogra Airport,Family,Budget-friendly option
New York,USA,New York,"Times Square, Central Park, Statue of Liberty",Autumn,59696,3,Urban,JFK Airport,Friends,Perfect weekend getaway
Rishikesh,India,Uttarakhand,"Laxman Jhula, Ganga Aarti, River Rafting",Winter,49092,8,Spiritual,Dehradun Airport,Solo,Adventure-packed trip
Paris,France,Île-de-France,"Eiffel Tower, Louvre Museum, Notre Dame",Spring,62449,7,Heritage,Charles de Gaulle Airport,Couple,Perfect weekend getaway
Rishikesh,India,Uttarakhand,"Laxman Jhula, Ganga Aarti, River Rafting",Winter,20857,8,Spiritual,Dehradun Airport,Solo,Ideal for honeymoon
Goa,India,Goa,"Baga Beach, Fort Aguada, Dudhsagar Falls",Winter,25628,4,Beach,Dabolim Airport,Friends,Budget-friendly option
New York,USA,New York,"Times Square, Central Park, Statue of Liberty",Autumn,44754,8,Urban,JFK Airport,Friends,Great for photography
Darjeeling,India,West Bengal,"Tiger Hill, Batasia Loop, Himalayan Railway",Summer,89915,6,Nature,Bagdogra Airport,Family,Adventure-packed trip
Rishikesh,India,Uttarakhand,"Laxman Jhula, Ganga Aarti, River Rafting",Winter,32173,6,Spiritual,Dehradun Airport,Solo,Budget-friendly option
Rishikesh,India,Uttarakhand,"Laxman Jhula, Ganga Aarti, River Rafting",Winter,60215,6,Spiritual,Dehradun Airport,Solo,Relaxing experience
Jaipur,India,Rajasthan,"Amber Fort, City Palace, Hawa Mahal",Winter,37484,9,Heritage,Jaipur Airport,Family,Adventure-packed trip
Jaipur,India,Rajasthan,"Amber Fort, City Palace, Hawa Mahal",Winter,58735,3,Heritage,Jaipur Airport,Family,Cultural hotspot
Goa,India,Goa,"Baga Beach, Fort Aguada, Dudhsagar Falls",Winter,13627,3,Beach,Dabolim Airport,Friends,Great for photography
Rishikesh,India,Uttarakhand,"Laxman Jhula, Ganga Aarti, River Rafting",Winter,99645,10,Spiritual,Dehradun Airport,Solo,Perfect weekend getaway
Jaipur,India,Rajasthan,"Amber Fort, City Palace, Hawa Mahal",Winter,67898,2,Heritage,Jaipur Airport,Family,Ideal for honeymoon
New York,USA,New York,"Times Square, Central Park, Statue of Liberty",Autumn,60747,3,Urban,JFK Airport,Friends,Relaxing experience
Bali,Indonesia,Bali,"Uluwatu Temple, Kuta Beach, Tegallalang Rice Terrace",Summer,49763,7,Beach,Ngurah Rai Airport,Couple,Great for photography
Jaipur,India,Rajasthan,"Amber Fort, City Palace, Hawa Mahal",Winter,51966,2,Heritage,Jaipur Airport,Family,Relaxing experience
Jaipur,India,Rajasthan,"Amber Fort, City Palace, Hawa Mahal",Winter,27381,10,Heritage,Jaipur Airport,Family,Perfect weekend getaway
Darjeeling,India,West Bengal,"Tiger Hill, Batasia Loop, Himalayan Railway",Summer,52328,5,Nature,Bagdogra Airport,Family,Relaxing experience
Jaipur,India,Rajasthan,"Amber Fort, City Palace, Hawa Mahal",Winter,74810,5,Heritage,Jaipur Airport,Family,Relaxing experience
Goa,India,Goa,"Baga Beach, Fort Aguada, Dudhsagar Falls",Winter,61986,10,Beach,Dabolim Airport,Friends,Cultural hotspot
Paris,France,Île-de-France,"Eiffel Tower, Louvre Museum, Notre Dame",Spring,28112,10,Heritage,Charles de Gaulle Airport,Couple,Relaxing experience
Jaipur,India,Rajasthan,"Amber Fort, City Palace, Hawa Mahal",Winter,61256,5,Heritage,Jaipur Airport,Family,Adventure-packed trip
Paris,France,Île-de-France,"Eiffel Tower, Louvre Museum, Notre Dame",Spring,77071,2,Heritage,Charles de Gaulle Airport,Couple,Ideal for honeymoon
Jaipur,India,Rajasthan,"Amber Fort, City Palace, Hawa Mahal",Winter,30331,10,Heritage,Jaipur Airport,Family,Adventure-packed trip
Rishikesh,India,Uttarakhand,"Laxman Jhula, Ganga Aarti, River Rafting",Winter,11456,8,Spiritual,Dehradun Airport,Solo,Ideal for honeymoon
Leh,India,Ladakh,"Pangong Lake, Leh Palace, Khardung La",Summer,85130,5,Adventure,Leh Airport,Couple,Perfect weekend getaway
Darjeeling,India,West Bengal,"Tiger Hill, Batasia Loop, Himalayan Railway",Summer,46967,6,Nature,Bagdogra Airport,Family,Great for photography
Tokyo,Japan,Kanto,"Shibuya Crossing, Tokyo Tower, Meiji Shrine",Spring,68174,3,Urban,Haneda Airport,Solo,Adventure-packed trip
Leh,India,Ladakh,"Pangong Lake, Leh Palace, Khardung La",Summer,33613,9,Adventure,Leh Airport,Couple,Cultural hotspot
Goa,India,Goa,"Baga Beach, Fort Aguada, Dudhsagar Falls",Winter,33464,8,Beach,Dabolim Airport,Friends,Perfect weekend getaway
Paris,France,Île-de-France,"Eiffel Tower, Louvre Museum, Notre Dame",Spring,77964,6,Heritage,Charles de Gaulle Airport,Couple,Ideal for honeymoon
Jaipur,India,Rajasthan,"Amber Fort, City Palace, Hawa Mahal",Winter,15239,5,Heritage,Jaipur Airport,Family,Cultural hotspot
Paris,France,Île-de-France,"Eiffel Tower, Louvre Museum, Notre Dame",Spring,17587,3,Heritage,Charles de Gaulle Airport,Couple,Ideal for honeymoon
Darjeeling,India,West Bengal,"Tiger Hill, Batasia Loop, Himalayan Railway",Summer,47809,5,Nature,Bagdogra Airport,Family,Budget-friendly option
Bali,Indonesia,Bali,"Uluwatu Temple, Kuta Beach, Tegallalang Rice Terrace",Summer,17948,8,Beach,Ngurah Rai Airport,Couple,Great for photography
Paris,France,Île-de-France,"Eiffel Tower, Louvre Museum, Notre Dame",Spring,14543,4,Heritage,Charles de Gaulle Airport,Couple,Adventure-packed trip
Tokyo,Japan,Kanto,"Shibuya Crossing, Tokyo Tower, Meiji Shrine",Spring,45398,10,Urban,Haneda Airport,Solo,Relaxing experience
Bali,Indonesia,Bali,"Uluwatu Temple, Kuta Beach, Tegallalang Rice Terrace",Summer,58235,10,Beach,Ngurah Rai Airport,Couple,Cultural hotspot
New York,USA,New York,"Times Square, Central Park, Statue of Liberty",Autumn,79076,5,Urban,JFK Airport,Friends,Adventure-packed trip
Bali,Indonesia,Bali,"Uluwatu Temple, Kuta Beach, Tegallalang Rice Terrace",Summer,90912,9,Beach,Ngurah Rai Airport,Couple,Ideal for honeymoon
Leh,India,Ladakh,"Pangong Lake, Leh Palace, Khardung La",Summer,26145,6,Adventure,Leh Airport,Couple,Budget-friendly option
Jaipur,India,Rajasthan,"Amber Fort, City Palace, Hawa Mahal",Winter,12052,5,Heritage,Jaipur Airport,Family,Great for photography